{
  "enabled": true,
  "input_points": 14403,
  "retained_points": 14367,
  "removed_points": 36,
  "min_points": 200,
  "min_keep_ratio": 0.5,
  "radius_mad_z": 8.0,
  "knn": 8,
  "knn_mad_z": 8.0,
  "applied": true,
  "fallback_used": false,
  "center_colmap": [
    -0.013440265413156707,
    0.007891103733988446,
    1.89536981860602
  ],
  "radius_filter": {
    "median": 0.3018479705178025,
    "mad_sigma": 0.025590663513712093,
    "threshold": 0.5065732786274992
  },
  "density_filter": {
    "median": 0.010507104092632315,
    "mad_sigma": 0.003687229519778255,
    "threshold": 0.04000494025085835
  }
}
